id,name,model_id:id,group_id:id,perm_read,perm_write,perm_create,perm_unlink
access_hill_case_user,hill.case.user,model_hill_case,hill_solution.hill_case_group,1,1,1,1
access_hill_case_agent,hill.case.agent,model_hill_case,hill_solution.hill_case_agent,1,1,1,1
access_hill_case_manager,hill.case.manager,model_hill_case,hill_solution.hill_case_manager,1,1,1,1
access_hill_case_technician,hill.case.technician,model_hill_case,hill_solution.hill_case_technician,1,1,0,0

access_hill_case_stage_user,hill.case.stage.user,model_hill_case_stage,hill_solution.hill_case_group,1,1,1,1
access_hill_case_stage_agent,hill.case.stage.agent,model_hill_case_stage,hill_solution.hill_case_agent,1,1,1,1
access_hill_case_stage_manager,hill.case.stage.manager,model_hill_case_stage,hill_solution.hill_case_manager,1,1,1,1
access_hill_case_stage_technician,hill.case.stage.technician,model_hill_case_stage,hill_solution.hill_case_technician,1,0,0,0

access_site_report_user,site.report.user,model_site_report,hill_solution.hill_case_group,1,1,1,1
access_site_report_agent,site.report.agent,model_site_report,hill_solution.hill_case_agent,1,0,0,0
access_site_report_manager,site.report.manager,model_site_report,hill_solution.hill_case_manager,1,1,1,1
access_site_report_technician,site.report.technician,model_site_report,hill_solution.hill_case_technician,1,1,0,0

access_site_report_stage_user,site.report.stage.user,model_site_report_stage,hill_solution.hill_case_group,1,1,1,1
access_site_report_stage_agent,site.report.stage.agent,model_site_report_stage,hill_solution.hill_case_agent,1,0,0,0
access_site_report_stage_manager,site.report.stage.manager,model_site_report_stage,hill_solution.hill_case_manager,1,1,1,1
access_site_report_stage_technician,site.report.stage.technician,model_site_report_stage,hill_solution.hill_case_technician,1,0,0,0

access_hill_site_document_user,hill.site.document.user,model_hill_site_document,hill_solution.hill_case_group,1,1,1,1
access_hill_site_document_agent,hill.site.document.agent,model_hill_site_document,hill_solution.hill_case_agent,1,1,1,1
access_hill_site_document_manager,hill.site.document.manager,model_hill_site_document,hill_solution.hill_case_manager,1,1,1,1
access_hill_site_document_technician,hill.site.document.technician,model_hill_site_document,hill_solution.hill_case_technician,1,1,1,1

access_hill_site_photo_user,hill.site.photo.user,model_hill_site_photo,hill_solution.hill_case_group,1,1,1,1
access_hill_site_photo_agent,hill.site.photo.agent,model_hill_site_photo,hill_solution.hill_case_agent,1,1,1,1
access_hill_site_photo_manager,hill.site.photo.manager,model_hill_site_photo,hill_solution.hill_case_manager,1,1,1,1
access_hill_site_photo_technician,hill.site.photo.technician,model_hill_site_photo,hill_solution.hill_case_technician,1,1,1,1

access_hill_case_portal,hill.case portal,model_hill_case,base.group_portal,1,0,1,0
access_hill_case_stage_portal,hill.case.stage portal,model_hill_case_stage,base.group_portal,1,0,0,0

access_hill_study_user,hill.study.user,model_hill_study,hill_solution.hill_case_group,1,1,1,1
access_hill_study_agent,hill.study.agent,model_hill_study,hill_solution.hill_case_agent,1,1,1,1
access_hill_study_manager,hill.study.manager,model_hill_study,hill_solution.hill_case_manager,1,1,1,1
access_hill_study_technician,hill.study.technician,model_hill_study,hill_solution.hill_case_technician,1,1,1,1

access_hill_study_stage_user,hill.study.stage.user,model_hill_study_stage,hill_solution.hill_case_group,1,1,1,1
access_hill_study_stage_agent,hill.study.stage.agent,model_hill_study_stage,hill_solution.hill_case_agent,1,1,1,1
access_hill_study_stage_manager,hill.study.stage.manager,model_hill_study_stage,hill_solution.hill_case_manager,1,1,1,1
access_hill_study_stage_technician,hill.study.stage.technician,model_hill_study_stage,hill_solution.hill_case_technician,1,0,0,0

access_site_report_wizard_user,site.report.wizard.user,model_site_report_wizard,hill_solution.hill_case_group,1,1,1,1
access_site_report_wizard_agent,site.report.wizard.agent,model_site_report_wizard,hill_solution.hill_case_agent,1,0,0,0
access_site_report_wizard_manager,site.report.wizard.manager,model_site_report_wizard,hill_solution.hill_case_manager,1,1,1,1
access_site_report_wizard_technician,site.report.wizard.technician,model_site_report_wizard,hill_solution.hill_case_technician,1,1,1,1

access_hill_payment_user,hill.payment.user,model_hill_payment,hill_solution.hill_case_group,1,1,1,1
access_hill_payment_agent,hill.payment.agent,model_hill_payment,hill_solution.hill_case_agent,1,0,0,0
access_hill_payment_manager,hill.payment.manager,model_hill_payment,hill_solution.hill_case_manager,1,1,1,1
access_hill_payment_technician,hill.payment.technician,model_hill_payment,hill_solution.hill_case_technician,1,1,0,0

access_hill_payment_register_wizard_user,hill.payment.register.wizard.user,model_hill_payment_register_wizard,hill_solution.hill_case_group,1,1,1,1
access_hill_payment_register_wizard_agent,hill.payment.register.wizard.agent,model_hill_payment_register_wizard,hill_solution.hill_case_agent,1,0,0,0
access_hill_payment_register_wizard_manager,hill.payment.register.wizard.manager,model_hill_payment_register_wizard,hill_solution.hill_case_manager,1,1,1,1
access_hill_payment_register_wizard_technician,hill.payment.register.wizard.technician,model_hill_payment_register_wizard,hill_solution.hill_case_technician,1,1,1,1

access_hill_invoice_user,hill.invoice.user,model_hill_invoice,hill_solution.hill_case_group,1,1,1,1
access_hill_invoice_agent,hill.invoice.agent,model_hill_invoice,hill_solution.hill_case_agent,1,0,0,0
access_hill_invoice_manager,hill.invoice.manager,model_hill_invoice,hill_solution.hill_case_manager,1,1,1,1
access_hill_invoice_technician,hill.invoice.technician,model_hill_invoice,hill_solution.hill_case_technician,1,0,0,0

access_hill_invoice_line_user,hill.invoice.line.user,model_hill_invoice_line,hill_solution.hill_case_group,1,0,0,0
access_hill_invoice_line_agent,hill.invoice.line.agent,model_hill_invoice_line,hill_solution.hill_case_agent,1,0,0,0
access_hill_invoice_line_manager,hill.invoice.line.manager,model_hill_invoice_line,hill_solution.hill_case_manager,1,1,1,1
access_hill_invoice_line_technician,hill.invoice.line.technician,model_hill_invoice_line,hill_solution.hill_case_technician,1,0,0,0

access_hill_invoice_portal,hill.invoice.portal,model_hill_invoice,base.group_portal,1,0,0,0

access_invoice_generation_wizard_user,invoice.generation.wizard.user,model_invoice_generation_wizard,hill_solution.hill_case_group,1,1,1,1
access_invoice_generation_wizard_manager,invoice.generation.wizard.manager,model_invoice_generation_wizard,hill_solution.hill_case_manager,1,1,1,1

access_invoice_generation_wizard_line_user,invoice.generation.wizard.line.user,model_invoice_generation_wizard_line,hill_solution.hill_case_group,1,1,1,1
access_invoice_generation_wizard_line_manager,invoice.generation.wizard.line.manager,model_invoice_generation_wizard_line,hill_solution.hill_case_manager,1,1,1,1


